ver,曲名,BPM,notes,属性,詳細攻略
25,Abraxas(A),165,1241,CN、連皿、トリル、乱打,
28,ABSOLUTE (kors k Remix)(A),160,1336,CN,Tribute BEST収録楽曲
23,Acid Pumper(A),150,1267,HCN、BSS、連皿、ラス殺し、HARD地雷,SP九段(copula)
27,Advent Infamous(A),150,1454,HCN、BSS,HEROIC WORKOUT!!
18,Aegis(A),162,1202,CN、微発狂、対称、皿絡み,
22,AFRO KNUCKLE(A),145,1226,皿＋同時連打、ラス殺し,
26,Afterimage d'automne(A),232,1480,CN、ハネリズム、同時押し、階段、皿絡み,いちかのBEMANI投票選抜戦2019
28,Ah Hah Yeah(A),115-230,1108,ソフラン,
17,AIR RAID FROM THA UNDAGROUND(A),180,1189,軸、トリル、ラス殺し,APPEND STYLE
21,ALBA -黎明-(A),165,1631,CN、高密度、皿絡み,SP九段(HV)
16,ALL MY TURN -このターンに、オレの全てを賭ける-(A),170,1314,階段、対称,
17,Almagest(H),178,1146,階段、BSS、CN＋階段,
24,Amazing Mirage(A),153,1343,乱打、皿絡み、連皿、縦連打,
25,Amor De Verão(A),138,1193,乱打、皿絡み、縦連打,
28,AMRITA -不滅ノ花-(A),152,1398,,
11,ANDROMEDA(A),150,1446,乱打、トリル、微縦連、ラス殺し,
23,Angelic Jelly(A),200,1419,乱打、二重トリル,EXPERT MODE
15,"Anisakis -somatic mutation type ""Forza""-(A)",185,1443,同時、階段、後半難,
18,ANTHEM LANDING(A),152,1484,乱打、終盤難, Resort Anthem EXTRA専用曲
28,apo:llioth(A),200,1498,連皿,X-record
16,Arabian Rave Night(A),180,1504,乱打、体力,
25,Around the Future(A),162,1329,乱打、トリル、連皿,IIDX AIR RACE
24,Around The Galaxy(A),145,1714,乱打、軸,CS DJ TROOPERS移植曲 譜面変更
24,AsiaN distractive(A),132-157,1337,乱打、二重階段、ラスト減速,
23,Aublia(A),156,1299,CN、階段、螺旋階段,
12,Aurora(A),181,1280,同時、乱打、トリル,
16,B4U(BEMANI FOR YOU MIX)(A),170,1810,物量、乱打、同時、皿複合、体力,SP九段(CS EMPRESS)
24,BabeL ～Grand Story～(A),163,1432,CN、皿絡み、対称,攻城シノバズ伝
25,Back Spin Sweeper(A),155,1156,HBSS、乱打,
29,Banger Banger Banger Banger(A),190,1497,,CastHour SPACE:Twinkroom
25,Battleground(A),165,1361,乱打、終盤難,SP九段(HV)
23,Battle Train -IIDX Edition-(A),160,1687,高密度、乱打、高速トリル、皿複合、体力,CS DJ TROOPERS移植曲
25,Be a Hero!(A),190,1592,皿複合、階段、トリル,
24,Be A Star(A),174,1413,同時押し、乱打,
20,Beastie Starter(A),190,1121,トリル、軸、HARD地雷,Cafe de Tran
25,Beast mode(A),195,1395,HCN、乱打、終盤難,激走!キャノンレーサー
24,Beat Juggling Mix(A),66-198,1138,ソフラン、連皿,BUZRA ARTS
11,Be quiet(A),150,1114,同時、乱打,
18,Believe In Me(A),170,1213,乱打、皿複合,
22,Beyond The Earth(A),140,1646,皿複合、高密度,CS 9th移植曲
24,Beyond the Seven(A),142,1375,乱打、ラス殺し(軸→デニム),
8,Blame(A),155,980,縦連、ラス殺し,
14,"Blind Justice～Torn souls,Hurt Faiths～(A)",137-165,1245,同時押し、乱打、終盤難,
22,Blaze it UP!(A),175,1501,CN、乱打,
11,BLOCKS(A),141,1000,縦連、トリル、ラス殺し,元☆12(DistorteDで降格)
17,bloomin' feeling(A),181,1313,CN、乱打,
15,Blue Rain(A),144,1149,乱打,
18,Bounce Bounce Bounce(A),116,1293,縦連、連皿,SP九段(SPADA)
27,Bow shock!!(A),165,1566,,HEROIC WORKOUT!!
28,Brahma(A),400,1454,,召しませ！BISTROVER North Americaエリア
21,BRAINSTORM(A),180,1449,乱打、連皿、HARD地雷,CS DJ TROOPERS移植曲
24,BREAK OVER(A),106-150,1210,ソフラン、皿複合、ラス殺し,
28,Breakin' Rules(A),170,1396,,
13,Broadbanded(A),140,1019,トリル、軸、ラス殺し,
24,BroGamer(A),207,1568,同時押し、皿複合、ラス殺し,忍々七鍵伝
18,BROKEN EDEN(A),162,1182,縦連、ラス殺し,
28,Burning Flame(A),165,1470,,召しませ！BISTROVER Europeエリア
12,CaptivAte～浄化～(A),160,1243,隣接同時、前半難,
16,CaptivAte2～覚醒～(A),175,1221,ラス殺し,
19,Castle on the Moon(A),191,1231,高密度、ラス殺し,Lincle LINK 第5弾
23,chaos eater -IIDX edition-(A),210,1328,軸、同時押し,開通！とことこライン
25,ChaserXX(A),140,1453,乱打、皿絡み、高速トリル、ズレ,
4,CHECKING YOU OUT(A),108-216,700,連皿、ソフラン,
27,Change Yourself(A),155,1238,,
22,CHRONO DIVER -NORNIR-(A),185,1568,要体力,
22,Chrono Diver -PENDULUMs-(H),196,1422,同時、階段、中盤発狂,4thKAC決勝曲・EXPERT MODE SP九段(copula)
22,Chronos(A),128,1205,CN、乱打,BEMANI SUMMER DIARY2015
25,City Never Sleeps (IIDX EDITION)(A),178,1344,CN、階段,激走!キャノンレーサー
11,Click Again(A),137,1097,軸、縦連,
26,CODE:Ø(A),125,1454,皿絡み,DELABITY LABORATORY
21,Cleopatrysm(A),190,1326,高密度,発見！よみがえったBEMANI遺跡
22,COLOSSEUM(A),140,1159,同時、逆詐称,Chrono Seeker
20,CONCEPTUAL(A),198,1391,前半難,LEGEND CROSS
28,CONNECT-(A),150,1483,,BEMANI MusiQ FES
13,CONTRACT(A),180,1056,螺旋階段、同時、トリル,
20,Cookie Bouquets(A),205,1714,要体力、同時押し、皿絡み,CS DJ TROOPERS移植曲、SP九段(copula)、SP九段(Rootage)
22,Cosmic Cat(A),160,1166,階段,Qpronicle Chord
26,COSMIC CYBER(A),170,1469,高密度、乱打、皿絡み,ARC SCORE
28,Crazy Jackpot(A),170,1429,,召しませ！BISTROVER Asiaエリア
24,crew(A),155,1480,乱打,beatnation10周年記念ソング「crew」キャンペーン
21,Critical Crystal(A),191,1495,CN、連皿、対称、軸、HARD地雷,
24,Cyber True Color(A),150,1207,,EXPERT MODE
17,D(A),30-240,1313,CN、ソフラン、縦連,PARALLEL ROTATION DJ TROOPERS
21,Dark Fall(A),202,1416,連皿、同時押し、CN、同色階段,Qprogue
23,Daily Lunch Special(A),205,1494,CN、軸、同時押し,Mystery Line
28,Danza Aestas(A),150,1519,,召しませ！BISTROVER Asia 2エリア
28,Dawn Saga(A),185,1378,HCN,BISTRO LANDING
17,DAWN -THE NEXT ENDEAVOUR-(A),183,1577,物量、同時押し,CS HAPPY SKY移植曲
13,D.C.fish(A),155,1178,トリル、同時押し、乱打、ラス殺し,
10,Debtty Daddy(A),155,1371,同時押し、皿複合、ラス殺し,
17,DESIRE(A),175,1446,乱打、終盤難,
18,Destiny Sword(A),155,1213,階段、トリル,
23,Derelict Star feat. Ryu*(A),150,1336,CN、乱打、トリル、皿絡み,
21,Devilz Sacrifice -贖罪の羊-(A),175,1265,階段、CN,
21,diagram(A),112,1461,二重階段、連皿,
15,Digitank System(A),128,1096,連皿、同時,
22,Discloze(A),128-145,1365,CN、BSS、乱打、ソフラン,FLOOR INFECTION
29,Divine Heaven(A),150,1503,,BPL S2 TOURISM
15,Do it!! Do it!!(A),300,987,トリル、軸、皿,
29,DREAM OF SPACE UFO ABDUCTION(A),140,1371,,
17,DROP(A),152,1337,トリル,
27,Drop It(A),155,1419,トリル,
24,Egret and Willow(A),196,1383,皿絡み,忍々七鍵伝
25,Eine Haube ～聖地の果てにあるもの～(A),170,1321,中盤発狂、階段,激走!キャノンレーサー
17,Elisha(A),185,1152,CN、BSS,
26,Ember Lights(A),148,1369,乱打、CN,
21,Elektrick U-Phoria(A),180,1566,乱打、二重階段,
29,Emera(A),161,1179,,CastHour SPACE:Beat Showcase
25,EMERALDAS(H),88-176,1258,HCN、BSS、ソフラン、トリル、連皿,IIDX AIR RACE ONE MORE EXTRA
17,Empire State Glory(A),173,1329,乱打、階段、皿複合,
18,Energy Drive(A),170,1122,CN、BSS,
21,Engraved Mark(A),188,1222,トリル、皿複合、対称,熱闘！BEMANIスタジアム
29,Ergosphere(A),170,1391,CN,pop'n music TOURISM
22,Erosion Mark(A),192,1096,軸、逆詐称,
17,Evans(H),185,1121,軸、ラス殺し,元☆10(Lincleで昇格)
20,examination leave(A),180,1712,高密度,みんなで宇宙戦争
25,Exhaust Hype(A),147,1426,皿複合,
21,EXTREME MACH COLLIDER(A),148,1305,BSS、皿複合,
11,FAKE TIME(H),200,916,高速トリル、二重階段、ラス殺し,AC DistorteDでは☆12
28,Farewell to Marrakech(A),144,1162,ズレ,
14,Fascination MAXX(H),100-400,876,軸押し、同時押し、縦連、同色階段、ソフラン,
25,Fervidex(A),191,1361,微発狂,激走!キャノンレーサー
29,FINALLY BLAZE(A),185,1424,,
25,FIRE BALL(A),188,1265,階段、軸、皿複合、ラス殺し,激走!キャノンレーサー
20,FLOWER(A),173,1460,CN、BSS、二重階段,
15,four pieces of heaven(A),125-195,1225,階段、皿絡み、高密度、ソフラン、HARD地雷,SP九段(CB)
25,FREEDOM(A),150,1481,皿複合、終盤難,
21,Funny Shuffle(A),115,1199,連皿、ズレ同時、HARD地雷,
25,FUTURE is Dead(A),110-220,1151,ソフラン、ハネリズム,元☆10(Rootageで昇格)
6,G2(A),170,1188,軸、微縦連、トリル、後半難,
17,GALGALIM(A),165,1208,皿複合,
29,Game Changers(A),105-210,1395,ソフラン,BPL TOURISM EXTRA part 2
13,Ganymede(A),72-82,1199,軸、階段、ポリリズム,
26,Garuda(A),160,1323,縦連打,DELABITY LABORATORY
11,GENOCIDE(A),175,1222,トリル、乱打、同時、皿複合、HARD地雷,IIDXRED EXTRA専用曲
27,GHOST(A),150-180,1403,,HEROIC WORKOUT!!
28,GIGA RAID(A),150,1222,CN、BSS,
26,GIGA THRASH(A),150,1400,皿複合、ズレ,
27,GIGA VIOLATE(A),150,1392,,
8,Giudecca(A),155,1381,乱打、皿、局所難、ラス殺し,
28,Globe Glitter(A),190,1369,,BEMANI 2021真夏の歌合戦5番勝負
23,GOBBLE(A),160,866,縦連、高密度,CS 4th移植曲 追加譜面
14,GOLD RUSH(A),162,1199,同時、トリル、皿複合、ラス殺し,
24,GuNGNiR(H),222,1397,高速、階段,忍々七鍵伝
8,Halfway of promise(A),140,940,連皿、皿絡み、ラス殺し,
24,HAPPY★RUSH(A),185,1490,階段、皿複合、縦連,忍々七鍵伝
13,Harmony and Lovely(A),135,1127,交互軸、乱打、中盤難,
29,Hat Surprise(A),180,1234,,BPL TOURISM EXTRA part 3
26,HEISEI(A),152,1291,乱打、CN,
22,HELL SCAPER -Last Escape Remix-(A),180,1458,階段、連皿、皿絡み、軸、終盤難,CS DJ TROOPERS移植曲
22,Hello Happiness(A),182,1198,高速二重階段、皿複合、縦連,
3,Holic(A),155,880,乱打、同時、微縦連、ラス殺し,SP九段(PENDUAL)
24,Honey Trap(A),160,1284,皿複合、連皿,忍々七鍵伝
21,HYENA(A),178,1434,トリル、階段,熱闘！BEMANIスタジアム
25,HYPE THE CORE(A),190,1539,詐称曲、皿絡み、HARD核地雷,CS 10th移植曲
16,HYPERION(A),150,1385,トリル,
25,I Love You(A),170,1381,乱打,
21,I will be back -オレは帰ってきた-(A),172,1492,BSS、乱打、高密度,SUPER STAR 満 -MITSURU- 完全復活祭
19,I'm so Happy(A),181,1187,乱打、皿絡み、同時押し、トリル、ラス殺し,Lincle LINK第2弾
26,IDC feat.REVERBEE (Mo'Cuts Ver)(A),140,1145,連皿,
29,ILAYZA(A),160,1433,,
20,Illegal Function Call(A),260,1398,縦連、トリル、階段、高速,
19,In The Blackest Den(A),177,1372,階段、連皿,Lincle Kingdom大罪曲
15,in the Sky(A),180,1279,同時、ラス殺し,CS HAPPY SKY移植曲、CSでは☆12
12,INAZUMA(A),148,1368,乱打、トリル、終盤難,
23,Inner Spirit(A),146,1458,階段、皿複合、階段、HARD地雷,
14,INORI(A),146,1614,螺旋、物量、ラス殺し,CS IIDXRED移植曲
21,Insane Techniques(A),146,1263,皿複合、連皿、ラス殺し,元☆10(AC PENDUALで昇格)
27,Into The Madness(A),155,1286,,毎週！いちかの超BEMANIラッシュ2020
24,INVISIBLE STRIX(A),184,1331,皿複合,BUZRA ARTS
28,Jungle Eater(A),184,1517,,BISTRO LANDING
16,Just a Little Smile(A),136,1272,連皿、皿絡み、ラス殺し,CS HAPPY SKY移植曲、SP九段(PENDUAL)、SP九段(HV)
18,Kailua(A),146,1125,CN、皿複合、トリル、HARD地雷,WORLD TOUR
14,KAMAITACHI(A),165,1368,乱打、中盤発狂,
11,KEY(A),212,1436,物量、同時押し,
21,KHAMEN BREAK(A),180,1281,BSS、階段、皿複合,発見！よみがえったBEMANI遺跡
29,kors k's How to make OTOGE CORE(A),124-190,1180,ソフラン、ラス殺し,CastHour SPACE:Cyber House
16,Kung-fu Empire(A),177,1657,階段、要体力,
26,LADYBIRD(A),230,1258,ハネリズム、皿複合,蜃気楼の図書館
14,LASER CRUSTER(H),152,1250,階段、乱打,
28,LAST DAY(A),157,1551,,
29,Lawes's Parotia(A),140,1294,,
29,Legendary Treasures(A),172,1450,,CastHour SPACE:Cinema IIDX
18,Let The Track Flow(A),175,1367,トリル、中盤発狂,WORLD TOUR
20,Light and Cyber･･･(A),181,1579,階段,
21,Lighting Shower(A),162,1220,乱打、皿絡み,
28,LIKE A VAMPIRE(A),276,1415,,BEMANI 2021真夏の歌合戦5番勝負
27,Like+it!(A),155,1197,,HEROIC WORKOUT!!
22,Line 4 Ruin(A),141,1402,乱打,SP九段(CB)
6,Linus(A),160-176,1105,同時、階段、トリル、ラス殺し,
12,Little Little Princess(A),180-212,1420,同時、螺旋、階段、高速,
27,Lost Souls(A),185,1236,,HEROIC WORKOUT!!
24,Lost wing at.0(A),185,1261,CN、皿絡み、終盤難,EXPERT MODE
10,Love Is Eternity(A),140,1215,乱打、階段、ラス殺し,
28,Lovely Howdy Cowboy!!(A),180,1405,,
10,Lucy(A),156,1167,微連打、階段、ラス殺し,
21,m1dy Deluxe(A),205,1342,高速、連皿、軸、HARD地雷,
24,Macuilxochitl(A),148,1677,乱打,忍々七鍵伝
21,MAGIC & LOVE(A),185,1481,高密度、皿絡み,
24,Mare Nectaris(H),256,1116,高速階段、軸、ラス殺し,元☆10(CBで昇格)
16,Marie Antoinette(A),205-248,1312,ソフラン,ARENA⑤　復活曲
25,MAXIVCORD(A),154,1256,乱打、ラス殺し,鍵龍討滅戦
28,MA・TSU・RI(A),160,1302,BSS,BEMANI 2021真夏の歌合戦5番勝負
15,MENDES(H),168,1353,階段、同時、皿複合、序盤難,
15,MENTAL MELTDOWN(A),145,1443,デニム、皿複合、白壁、中盤発狂、HARD地雷,元☆10(EMPRESSで昇格)
13,MINT(A),150,1158,トリル、乱打、同時,
17,MIRACLE MEETS(A),160,1128,CN、BSS、逆詐称,
24,Modular Technology(A),170,1372,乱打、連皿,
27,Moving on(A),153,1501,,
8,murmur twins(A),174,1207,階段、乱打,
16,naughty girl@Queen's Palace(A),145,1088,連皿、皿複合,SP九段(Rootage)
27,Nasty Techniques(A),150,1338,CN,
26,Necroxis Girl(A),150,1441,皿複合、縦連打、CN、終盤難,蜃気楼の図書館
6,NEMESIS(A),164,973,乱打、軸押し、中盤難,
28,Neo Heritage(A),150,1454,,BISTROVERサントラ発売記念
18,Never Fade Away(A),170,1535,乱打、対称,
20,New Decade IIDX Edition(A),200,1539,高密度、高速,LIMIT BURST
17,NEW SENSATION -もう、あなたしか見えない-(A),200,1357,CN、小階段、逆詐称,
26,"Next Tales 2 Oath (IIDX 20th Anniv ""Ring"" Theme)(A)",180,1387,乱打、トリル、ラス殺し,DELABITY LABORATORY
22,Night sky(A),192,1491,CN、軸,
26,Night! Night! Night!(A),165,1540,乱打、皿複合,DELABITY LABORATORY
10,No.13(A),172,1607,前半難、乱打、対称、皿複合,
25,No Limit 2 dAnce feat. 大山愛未(A),155,1182,乱打、逆詐称,
29,Nocturnal 2097(A),157,1479,CN,CastHour SPACE:Cinema IIDX
24,nostos(A),86-144,1359,ソフラン、階段、縦連、ズレ,ノスタルジア稼働記念 楽曲交換キャンペーン
22,No Tears(A),170,1286,局所難,
25,Nothing But Theory(A),160,1438,乱打,
25,n'pa pa BBQ(A),300,1408,乱打、軸、ラスト要注意(縦連),激走!キャノンレーサー
28,of the first magnitude(A),157,1503,HCN,
27,Ohayo!(A),150,1233,,
23,On the FM(A),200,1419,軸、同時、縦連、前半難、HARD地雷,開通！とことこライン
29,Onyx(A),44-174,1214,CN、急減速,
28,OTOKOZAKA(A),160,1485,,ULTIMATE MOBILE連動曲
23,Outbreak(A),195,1523,高密度、皿絡み、同時押し,Mystery Line
21,Overload Frontier(A),175,1336,前半難、皿複合、HARD地雷,
27,Override(A),175,1471,,
28,Overslept(A),170,1300,,
24,PAPAYAPA BASS(A),147,1292,皿絡み,
28,Para siempre(A),180,1461,CN,
18,PARADISE LOST(H),200,1217,CN、ズレ、リズム難、詐称曲,元☆10(tricoroで昇格)
15,PARANOiA ～HADES～(H),75-300,954,ソフラン,
18,perditus†paradisus(H),172,1345,高難度、CN、ラス殺し、詐称曲,WORLD TOUR
22,PENDUAL TALISMAN(A),150-160,1314,BSS、微ソフラン,- 伝説錬金 -
21,Pharaoh(A),180,1242,二重階段,Qprogue
27,PHASE SHIFT MANEUVER(A),163,1447,,
26,Playing With Fire(A),160,1200,皿複合、CN,蜃気楼の図書館
12,Pollinosis(A),145,1278,トリル、皿複合、同時、前半難、全押し,SP九段(TR)
28,POLꞰAMAИIA(A),160,1507,,
29,Pout(A),170,1317,,CastHour SPACE:Beat Showcase
17,Programmed Sun(A),144,1309,CN、乱打、後半難,
16,Programmed World(A),153,1161,乱打,EMPRESS EXTRA専用曲
19,prompt(A),198,1420,同時、階段,
9,quasar(A),155,1161,乱打、中盤難,ONE MORE EXTRA STAGESP九段(CS EMPRESS)
19,QUANTUM TELEPORTATION(A),152,1490,乱打、終盤難,CS DistorteD移植曲
27,Queen Kaguya(A),200,1330,CN,
19,Quick Silver(A),172,1353,CN、BSS、皿複合、同時,
3,R5(A),180,889,交互連打、同時、軸押し、終盤難,
8,rainbow flyer(A),148,1081,同時、階段、トリル、ラス殺し,
21,rainbow guitar weeps(A),158,1406,前半難、階段,SP九段(SB)
10,rainbow rainbow(A),177,1377,同時押し、トリル、階段、対称,
17,Raison d'etre～交差する宿命～(A),155-175,1389,ソフラン、階段、皿絡み,
27,Rave lithosphere(A),170,1344,縦連打,
22,Realize Maze(A),149,1503,乱打、縦連打,PONの運命浄化計画
11,RED ZONE(A),165,1184,乱打、階段、皿絡み,
21,refractive index(A),154,1360,逆詐称,Qprogue
28,Rejection Girl(A),174,1352,CN,WORLD TOURISM　INFINITAS移植曲
11,RESONATE 1794(A),160,951,二重階段、ラス殺し,
18,reunion(H),184,1239,Ｘ地帯、階段、高速トリル、皿複合,
25,REVOLVER(A),160,1405,乱打、皿複合、階段,FLOOR INFECTION
24,RISING FIRE HAWK(A),157,1372,皿絡み,忍々七鍵伝
15,Rising in the Sun(original mix)(A),172,1202,HCN,HV復活曲 譜面変更
9,RISLIM-Remix-(A),132,959,縦連、ラス殺し,
28,Ritual of Anubis(A),190,1422,,召しませ！BISTROVER Northern Landエリア
18,Rock Da House(A),143,1128,皿複合、逆詐称,
23,Rock It(A),170,1500,トリル、皿複合,
26,"ROCK女 feat. 大山愛未, Ken(A)",150,1436,ハネリズム、皿複合、CN,
28,Romanticが止まらない(A),162,1367,,
28,Rosa azuL(A),155,1417,,召しませ！BISTROVER North Americaエリア
27,rough percussionythm(A),175,1295,CN、連皿,HEROIC WORKOUT!!
23,Routing(A),144,1323,連皿、微階段、HARD地雷,
24,ROTTERDAM SHOGUN(A),199,1299,CN、同時押し、皿絡み,
28,Rubrum Piano(A),160,1253,,召しませ！BISTROVER Europeエリア
20,rumrum triplets(A),192,1541,階段、乱打,LEGEND CROSS、SP九段(PENDUAL)
26,R∞tAge(A),150,1503,乱打,
18,SABER WING(A),37-444,1438,同時、ソフラン,
22,Sakura Mirage(A),187,1190,CN・BSS,猫叉＆TOTTOのGW弾丸ツアー
18,Sakura Reflection(A),181,1190,CN、逆詐称,Lincle LINK 第1弾
24,SAMURAI-Scramble(A),150,1232,連皿,攻城シノバズ伝
24,Sarutobi Champion is 拙者(A),130-195,1153,ソフラン、皿絡み、階段,
15,"satellite020712 from ""CODED ARMS""(A)",154,1293,乱打,CS 10th移植曲
20,Saturn(A),155,1332,縦連、ラス殺し,CS DJ TROOPERS移植曲
28,Scandal(A),160-228,1476,CN,召しませ！BISTROVER Northern Landエリア
22,Scarlet Moon(A),180,1389,CN、BSS、階段,BEMANI×東方Project
22,Scars of FAUNA(A),165,1475,CN、二重階段,猫叉＆TOTTOのGW弾丸ツアー
19,Scharfrichter(A),217,1472,CN、高速、同時押し、対称,Lincle Kingdom大罪曲
21,SCHWARZSCHILD FIELD(A)　,150,1232,中盤発狂、HARD地雷,発見！よみがえったBEMANI遺跡
12,Scripted Connection⇒ H mix(A),151,1275,乱打、トリル、縦連,
14,Second Heaven(A),149,1069,同時押し、縦連、ラス殺し,
11,Secret of Love(A),162,1019,乱打、軸押し、ラス殺し,
16,Secrets(A),150,1592,皿複合、ラス殺し,
23,SEITEN NO TERIYAKI(A),273,1163,高速,おてがる!! LINK TRACK
14,Sense 2007(H),140,1179,トリル、皿複合、局所難、ラス殺し、詐称曲,
24,SEQUENCE CAT(A),145,1446,乱打、同時、中盤階段発狂,CS GOLD移植曲
17,Session 1 -Genesis-(A),79-178,1240,CN、ソフラン、階段,SIRIUS EXTRA専用曲
19,SHADE(A),151,1464,乱打、デニム、カプセル押し、終盤難,Lincle EXTRA専用曲、SP九段(TR)
23,SHELTER OF THE MIND(A),185,1538,体力,
27,Shiva(A),150,1085,BSS,HEROIC WORKOUT!!
28,Sinus Iridum(H),128-256,1101,CN、ソフラン,BISTRO LANDING ONE MORE EXTRA
26,Six String Proof(A),130,1308,階段、CN、皿絡み,いちかのBEMANI投票選抜戦2019
14,smile(A),189,1464,階段、皿絡み、中盤難、1P正規地雷,
19,Snow Goose(A),200,1238,階段、乱打、高速,Lincle LINK 第2弾
29,SOLID WYVERN(A),165,1333,,
15,SOUND OF GIALLARHORN(A),184,1668,同時押し、小階段、中盤難,
10,SPACE FIGHT(A),139,1134,同時押し、乱打,
27,Sparkle Smilin'(A),180,1243,CN,毎週！いちかの超BEMANIラッシュ2020
7,Spica(A),128,1167,階段、縦連同時、中盤発狂、HARD地雷、詐称曲,元☆12(DistorteDで降格)、SP九段(CS INFINITAS)
11,spiral galaxy(A),154,1310,トリル、乱打、ラス殺し,
23,STARLiGHT(A),199,1413,トリル、軸、連皿、皿複合,EXPERT MODE
23,STARLIGHT DANCEHALL(A),177,1342,連皿、皿複合,
15,State Of The Art(A),155,1570,乱打、終盤難,SINOBUZ復活曲 新譜面
15,STEEL NEEDLE(A),205,1269,高速、トリル、乱打、同時押し、前半難、HARD地雷,
18,STELLAR WIND(A),162,1370,トリル、ラス殺し、EX-HARD地雷,APPEND FESTIVAL
7,stoic(A),155,1302,縦連、乱打、中盤難,元☆12(GOLDで降格)
29,Souhait bleu(A),225,1407,CN,X-record
27,STOIC HYPOTHESIS(A),170,1442,,SHADOW REBELLION
13,Sun Field(A),152,1234,同時押し、階段、皿絡み、ラス殺し,
25,SUNLiGHT (IIDX Mix)(A),170,1349,乱打、対称,EXPERT MODE
21,Squeeze(A),173,1257,乱打、皿複合,熱闘！BEMANIスタジアム
28,Swarm Of Scarabs(A),110,1212,CN、BSS,
15,switch(A),152,1069,二重階段、局所難、ラス殺し,
9,SWEETEST SAVAGE(A),114,930,皿複合,copula復活曲 黒譜面に差し替え
20,Synergy For Angels(A),160,1400,乱打,私立BEMANI学園
20,S!ck(A),177,1373,トリル、皿、CN、BSS,LEGEND CROSS、SP八段(Rootage)、SP八段(HV)
27,S!ck (Nhato Remix)(A),174,1279,,LIGHTNING MODEL先行曲 Tribute BEST収録楽曲
29,Tail Lights(A),156,1589,24分トリル,
6,Take It Easy(A),205,1282,縦連、トリル、ラス殺し,
20,Take My Life(A),175,1487,乱打,
28,Tell me what you wish feat.らっぷびと(A),203,1436,,武装神姫BC×IIDXキャンペーン
25,Temple of Anubis(A),155,1345,乱打、連皿,
18,THE BLACK KNIGHT(A),154,1488,CN、中盤発狂、HARD地雷,WORLD TOUR
25,THE CANNONBALLER(A),170,1748,,
15,THE DEEP STRIKER(A),173,1528,同時押し、微縦連、全体難,
21,THE DETONATOR(A),173,1636,皿複合、微縦連、トリル、前半難,CS GOLD移植曲
13,The Dirty of Loudness(A),165,1327,同時押し、全押し、乱打、対称、終盤難,元☆12(GOLDで降格)、SP九段(Rootage)
18,THE FALLEN(A),167,1377,同時、トリル、皿複合,Lincle LINK 第1弾
17,THE LAST STRIKER(A),185,1327,乱打、トリル,
14,the shadow(A),156,1480,乱打、トリル、終盤難,
27,Theory(A),102-146,1342,ソフラン、連皿,
15,Time to Air(A),191,1458,同時、皿複合、軸、ラス殺し,DJ TROOPERS EXTRA専用曲
19,TITANS RETURN(A),194,1275,高密度,Lincle LINK 第5弾
14,TRANOID(A),130-190,1141,同時、階段、トリル、ソフラン、中盤発狂、HARD地雷,元☆12(DJTで降格)
13,tripping contact(teranoid&MC Natsack Remix)(A),187,1258,軸、終盤難,
18,Tropical April(A),182,1395,同時押し、ラス殺し,
13,TYPE MARS(G-Style Mix)(A),159,1237,高速トリル、ラス殺し,
26,U.S.A.(A),177,1467,BSS、皿絡み,
15,Ubertreffen(A),174,1280,階段、皿絡み、トリル,
23,Uh-Oh(A),175,1228,連皿、難地雷,元☆10(SINOBUZで昇格)
25,UMMU(A),180,1587,乱打、CN、BSS、連皿、全体難,
26,UNDERWORLD HOLOGRAPHY(A),187,1648,体力,蜃気楼の図書館
21,Unicorn tail(A),170,1605,局所難、ラス殺し,CS EMPRESS移植曲
27,UNITE THE HEART(A),185,1676,,
26,Urban Constellations(A),167,1167,前半乱打、後半CN,
25,Usual Days-remix(A),139,1364,乱打、軸、縦連,CS 9th移植曲
16,V2(A),150,1810,デニム、中盤発狂、HARD地雷、詐称曲,
21,Valgus(A),175,1206,縦連,
27,VALKYRIAS -英雄誕生-(A),184,1386,,
20,VALLIS-NERIA(A),185,1507,CN、高密度、微縦連、HARD地雷,みんなで宇宙戦争
22,Vulkan(A),205,1518,同時,
14,VANESSA(H),185,938,二重階段、微縦連,
20,VEGA(A),191,1584,BSS、高密度,ぼくらの宇宙戦争
29,Ventriloquist(A),170,1232,,
29,Victory Of Ravers(A),178,1301,,
23,Violet Rose(A),152,1333,縦連、階段,
27,Volcanic Dragon(A),175,1495,,
21,VOX UP(H),202,1473,高速トリル、連皿、前半難、ラス殺し、HARD地雷,CS DJ TROOPERS移植曲
13,waxing and wanding(A),191,1457,前半難、同時押し、軸押し、中盤発狂、ラス殺し,
23,Welcome(A),170,1357,連皿、軸押し、皿複合、HARD地雷,CS GOLD移植曲
26,Wolf 1061(A),173,1584,乱打、CN、高密度,蜃気楼の図書館
11,Wonder Bullfighter(A),126,1062,皿、皿絡み、同時、後半難,
21,Wonder Girl feat. Kanae Asada(A),144,1414,乱打、ラス殺し,
26,Wonderland(A),180,1393,終盤難,
28,X-ray binary(A),150,1417,,BEMANI MusiQ FES
8,xenon(A),158,1379,乱打、皿絡み,ONE MORE EXTRA STAGE
26,XENON II ～TOMOYUKIの野望～(A),160,1523,CN、乱打,ARC SCORE
12,Xepher(A),170,1520,階段、X地帯,SP九段(CS INFINITAS)
24,XINOBIKILL(A),164,1475,,
29,Xyndrome(A),195,1495,CN,
24,yamabiko (SINOBUZ Edition)(A),154,1345,,BUZRA ARTS
24,Yellow Sketch(RX-Ver.S.P.L.)(A),176,1479,,攻城シノバズ伝
16,"You'll say ""Now!""(A)",155,1276,高密度、軸、皿絡み、ラス殺し、詐称曲,
27,Ypsilon(A),160,1466,,BPL ZEROテーマ楽曲
26,Yum Yum Jelly(A),180,1204,CN,
20,ZED(A),190,1405,乱打、階段、高速,SP九段(SPADA)
26,ZENDEGI DANCE(A),160,1393,乱打,DELABITY LABORATORY
28,Zenith(A),164,1128,CN、ズレ,召しませ！BISTROVER Asia 2エリア
23,ZEPHYRANTHES(A),180,1499,乱打,EXPERT MODE
18,ZETA～素数の世界と超越者～(A),90-180,1583,高密度、階段、同時、ソフラン、後半難,
12,100% minimoo-G(A),252,903,縦連特化、高速トリル、ラス殺し,
29,10000 MILES AWAY(A),178,1494,CN、BSS,CastHour SPACE:FUTURE SCOPE
10,1st Samurai(A),175-200,1383,皿複合、前半難、ソフラン,10th EXTRA専用曲
15,2 tribe 4 K(A),140,1402,同時,Lincle復活曲 黒譜面に差し替え
19,24th Century BOY(A),168,1456,階段、デニム,
27,27th style(A),165,1299,連皿,HEROIC WORKOUT!!
20,405nm (Ryu☆mix)(A),177,1301,軸、トリル,
26,50th Memorial Songs -The BEMANI History-(A),136,1348,,KONAMI 50th Memorial Songs
19,532nm(A),177,1349,高密度、乱打、トリル,APPEND TRAVEL追加曲
26,& Intelligence(A),160,1623,乱打、皿複合、連皿、CN、全体難,ARC SCORE
24,(This Is Not) The Angels(A),33-130,1364,,
21,ÆTHER(A),192,1440,皿複合,TAG生誕祭 追加楽曲
21,牧神笛吹きて(A),157,1044,階段,
23,朝焼けから始まるボクらの小さな旅(A),100-218,1298,高速、トリル、階段、ラス殺し,
25,バ→ビ→ブ→Bomb!(A),175,1294,,激走!キャノンレーサー
27,バッドエンド・シンドローム(A),126,1497,,毎週！いちかの超BEMANIラッシュ2020
26,爆ゼニ☆がってんワーカー(A),195,1391,前半難,蜃気楼の図書館 第一の書庫
21,バンブーソード・ガール(A),208,1251,,GUMI 5th anniversary party
29,青の洞窟(A),175,1600,トリル,CastHour SPACE:Twinkroom
20,カジノファイヤーことみちゃん(A),230,1271,BSS、CN＋連皿、HARD難,ぼくらの宇宙戦争
22,打打打打打打打打打打(A),156,1342,BSS、縦連,猫叉＆TOTTOのGW弾丸ツアー
29,デモーニッシュ(A),140-200,1205,ソフラン,
20,龍と少女とデコヒーレンス(A),165,1515,乱打、高密度,Ω-ATTACK SECTOR B
24,ディッシュウォッシャー◎彡おいわちゃん(A),210,1280,ラス殺し,忍々七鍵伝
22,ドッキン☆サマーあばんちゅーる(A),180,1477,,BEMANI SUMMER DIARY2015
25,命の標本(A),183,1358,,激走!キャノンレーサー
28,乱膳の舞姫(A),171,1382,CN,召しませ！BISTROVER Asiaエリア
27,ガヴリールドロップキック(A),88-170,1362,ソフラン,
29,《GRANDMASTER》(A),160,1504,,BPL TOURISM EXTRA part 1
20,創世ノート(A),200,1512,乱打、高密度,私立BEMANI学園
29,グッバイ宣言(A),170,1557,,
29,ぐだふわエブリデー(A),220,1169,,
28,儚き恋の華(A),162,1515,,召しませ！BISTROVER Northern Landエリア
26,花冠 feat.Aikapin (A),83-165-180,1365,ソフラン、連皿、ラス殺し,
26,ハードベース・フェスタ(A),158,1447,,
29,ハイテックトキオ(A),165,1367,MSS,
16,卑弥呼(H),82-185,1442,ソフラン、階段、縦連、HARD地雷,
27,開きたまえ！Next stAge！(A),200,1463,,HEROIC VERSEサントラ発売記念
21,デッドボヲルdeホームラン(A),145,1417,ズレ押し、皿複合,
22,時空トラベローグ(A),234,1395,跳ねリズム、高速トリル,Chrono Seeker
13,華蝶風雪(A),199,1500,同時、軸、階段、乱打,
19,蛇神(A),170,1438,CN、トリル、後半難,
26,X-DEN(H),200,1418,トリル、連皿、中盤難,ONE MORE EXTRA20th ANNIVERSARY beatmania IIDX
24,鴉(A),190,1356,,
23,か・し・ま・し☆PUMP UP！(A),175,1453,皿複合,Season Line
19,君のハートにロックオン(A),260,1363,階段,
27,狂水一華(A),160,1370,,毎週！いちかの超BEMANIラッシュ2020
27,曼荼羅恋々(A),198,1392,,
23,量子の海のリントヴルム(A),280,1508,階段、CN、縦連,
26,龍王の霊廟(Mausoleum Of The Primal Dragon)(A),144,1614,乱打、CN,
23,明鏡止水(A),208-290,1443,ソフラン、ズレ,Mystery Line
16,ミッドナイト堕天使(A),150,1398,トリル、同時、皿絡み,SINOBUZ復活曲 黒譜面に差し替え
26,ミッドナイト☆WAR(A),156,1261,,いちかのBEMANI投票選抜戦2019
22,もっと!モット!ときめき feat.松下(A),185,1424,階段、微CN、皿絡み、局所難、HARD地雷,
29,ミュージック・アワー(A),165,1516,,
13,嘆きの樹(H),160,1281,トリル、終盤難,
28,涙のテ・エストラーニョ・ムーチョ(A),187,1422,CN,
21,IX(H),198,1247,階段、CN,熱闘！BEMANIスタジアム
26,おーまい！らぶりー！すうぃーてぃ！だーりん！(A),170,1480,,いちかのBEMANI投票選抜戦2019
22,鬼天(A),161,1265,CN,猫叉＆TOTTOのGW弾丸ツアー
29,オールトの雲(A),215,1335,,
22,パ→ピ→プ→Yeah!(A),160,1280,CN、同時、逆詐称,怪盗BisCoの予告状！！
25,パラドキシカル・タイムリープトライアル(Short.Ver)(A),188,1416,,CANNON BALLERSサントラ発売記念
11,ピアノ協奏曲第１番”蠍火”(H),165-188,1111,階段、縦連、皿、ソフラン、ラス殺し,
22,ぷろぐれっしぶ時空少女！うらしまたろ子ちゃん！(A),175,1285,階段,
16,天空脳番長危機十六連打(A),150,1323,乱打、皿複合,SP九段(CS EMPRESS)
12,ラクエン(A),99-198,1034,連皿、皿複合、ソフラン,
27,ランカーキラーガール(A),200,1479,,The 9th KAC
27,錬成人間トリコロイダー(A),190,1613,軸,SHADOW REBELLION
23,セロトニン(A),150,1194,皿複合、階段、CN、縦連,
23,灼熱Pt.2 Long Train Running(H),165,1093,BSS、連皿,元☆10(copula本稼働にて昇格)
27,シャムシールの舞(A),100-155,1294,ソフラン,毎週！いちかの超BEMANIラッシュ2020
24,忍恋花(A),189,1141,,
24,禍根(A),170,1336,,攻城シノバズ伝
27,眠りの国のステラ(A),193,1393,CN,いちかのBEMANI超じゃんけん大会2020
23,追想快晴テーマパーク(A),170,1589,,
26,泰東ノ翠霞(A),180,914,トリル、軸,CS 10th移植曲
18,旅人リラン(A),155,1345,縦連、同時押し、中盤発狂,SP九段(TR)、SP九段(SPADA)、SP九段(SB)、 SP九段(CS INFINITAS)
12,合体せよ！ストロングイェーガー!!(Ryu☆ remix)(A),155,972,乱打、同時、ラス殺し,
20,仮想空間の旅人たち(A),151,1450,乱打、全押し,Ω-ATTACK SECTOR A
22,＃The_Relentless(A),170,1479,CN、BSS、二重階段,
29,ウツシミウツシ(A),175,1595,,
22,とろぴかる倶楽部(A),120,1154,皿複合、後半難,Chrono Seeker
29,月とミルク(A),190,1400,,
28,無意識のフィロソフィア(A),160,1682,,WORLD TOURISM
23,麗 ～うらら～(A),165,1329,,Season Line
25,うさ☆かめ 大戦争!(A),210,1276,,
22,超青少年ノ為ノ超多幸ナ超古典的超舞曲(A),150,1350,階段、二重トリル,
22,×↑×↓(A),172,1485,ラス殺し,
19,ユミル(A),164,1434,階段、皿複合、後半難,
23,夕焼け ～Fading Day～(A),174,1420,乱打、皿複合,
